Department,Salary,PerformanceRating
Finance,63333.333333333336,4.0
HR,51000.0,2.6666666666666665
IT,74250.0,4.25
